ID,flavor_sweet,flavor_sour,flavor_bitter,flavor_pleasant,flavor_grassy,flavor_citrusy,flavor_terpene-like,Group_name,Brix/Acid,ethyl_acetate,methyl_butanoate,alpha-pinene,ethyl_butanoate,hexanal,beta-pinene,myrcene,limonene,(E)-2-hexenal,ethyl_hexanoate,gamma-terpinene,beta-cis-ocimene,p-cymene,terpinolene,octanal,1-hexanol,(Z)-3-hexen-1-ol,nonanal,ethyl_octanoate,p-cymenene,delta-elemene,alpha-cubebene,octyl_acetate,citronellal,alpha-copaene,decanal,linalool,1-octanol,caryophyllene,beta-elemene,terpinen-4-ol,undecanal,gamma-elemene,(E)-2-decenal,humulene,cis-beta-farnesene,neral,alpha-terpineol,valencene,dodecanal,D-carvone,geranial,delta_cadinene,citronellol,perillal,nerol,cis-carveol,"p-mentha-1,8-dien-3-one",geraniol,perilla_acetate,"cis-p-mentha-1(7),8-dien-2-ol","p-mentha-1(7),8(10)-dien-9-ol",caryophyllene_oxide,"p-mentha-1(7),8(10)-dien-9-ol",elemol,thymol,"2,6-dimethyl-10-methylene-2,6,11-dodecatrenal",alpha-sinensal,nootkatone,Fructose,Glucose,Sucrose,Xylose,Raffinose,Rhamnose,Myoinositol,Sorbitol,Erythritol,Xylitol,Proline,Arginine,Aspartic_acid,Asparatine,Alanine,Glutamic_acid,Serine,Lysine,Glutamine,Valine,Phenylalanine,Tryptophan,Threonine,Leucine,Tyrosine,Histidine,Isoleucine,Methionine
5393052,14.2,20.7,10.8,18.4,16.5,21.2,13,orange,9.89,0,0,33.64,5.95,1.16,7.91,187.79,6990.86,0,0,371.49,9.49,78.54,44.19,37.64,0,0,15.25,0,4.91,0,0,0,0,7.69,27.22,417.76,33.58,0,0,41.5,0,0,0,0,0,0,56.2,18.65,0,0,11.23,13.82,10.04,14.44,15.9,0,1.08,1.73,0,0.83,0,0,0,0,0,0,0,0,8759.81,21606.98,13997.14,147.83,11.18,7.13,536.91,137.37,94.57,46.53,137.75,196.6,242.02,570.84,24.39,63.33,37.53,38.04,30.92,9.61,29.36,7.05,3.68,3.13,3.17,4.42,1.12,0.61
9203419,14.8,28,10.4,17,12.2,18.9,11.4,orange,10.37,0,0,3.13,1.16,0.49,0.45,11.6,577.38,0,0,20.93,0,0.68,2.72,0,0,0.67,0,0,0,0,0,0,0,0,0,52.67,3,0,0,4.26,0,0,0,0,0,0,5.68,2.59,0,0,4.22,0,0,0,1.28,0,0.36,0.22,0,0.23,0,0,0,0,0,0,0,0,8237.75,18395.84,10143.69,143.89,11.49,3.43,486.37,130.57,92.23,59.64,105.79,158.39,220.87,548.27,14.74,58.71,27.78,34.2,25.97,8.14,38.18,15.46,3.75,3.47,3.08,4.43,1,0.69
2289848,11.2,21.8,10.1,16.8,13.8,19.2,12,orange,9.54,0,0,5.25,1.66,0.57,0.5,25.4,1065.31,0,0,49.2,1.97,1.27,5.23,0,0,0.53,0,0,0,0,0,0,0,0,0,97.99,5.2,0,0,7.84,0,0,0,0,0,0,9.96,3.26,0,0,4.69,0,0,0,2.32,0,0.32,0.33,0,0.27,0,0,0,0,0,0,0,0,9189.56,20409.86,11802.27,155.94,12.1,3.99,526.19,134.68,69.61,66.33,134.23,194.9,277.65,629.71,21.17,73.53,36.96,40.58,37.14,10.17,42.73,15.9,4.59,3.79,3.57,5.47,1.11,0.84
6455915,25.3,12.8,6.5,22.6,12.3,19.1,8.7,orange,12.88,0,0,10.24,5.88,21.4,4.87,57.92,2351.95,6.27,0,1.98,1.76,3.09,4.64,0.52,2.53,3.65,1.95,0,1.08,0,0,0,1.98,2.8,2.99,183.52,7.61,0,0,9.19,0,0,0,0,0,5.85,9.28,28.29,0,0,13.66,0,3.48,4.28,1.99,0.96,0,1.86,0,0.89,0.9,0,0,0,0,0,0,0,7172.62,16515.45,12380.99,122.42,23.12,10.94,451.25,101.36,76.69,51.07,168.06,95.93,177.33,281.13,24.04,64.48,27.57,17.64,17.89,10.31,12.57,3.37,2.79,3.44,3.45,1.76,1.17,0.7
4491987,23.5,13.3,6.4,23.5,8.5,19.2,8.1,orange,12.73,0,0,12.55,3.64,14.68,8.91,61.6,2740.56,1,0,4.32,1.32,3.43,6.03,3.34,2.84,2.74,4.16,0,0,0,0,0,0.93,0,4.06,102.29,10.12,0,0,4.49,0,0,0,0,0,2.54,4.65,15.53,0,0,7.78,0,0.28,2.58,2.59,0.5,0,0.98,0,0.44,0.53,0,0,0,0,0,0,0,10288,23193.25,18162.79,167.31,56.7,16.37,706.02,177.17,137.8,71.37,195.69,140.33,247.55,327.11,28.66,85.49,36.59,25.2,27.01,15.51,17.56,8.15,2.77,5.34,4.85,3.56,1.77,1.04
4018092,23.2,12.3,6,28.3,12.9,18.3,7.9,orange,14.14,0,0,11.97,5.35,28.7,5.97,57.53,2416.03,4.7,0,3.7,1.08,5.03,5.54,3.73,5.35,6.06,4.67,0,0,0,0,0,0,0,2.32,90.6,7.73,0,0,3.95,0,0,0,0,0,3.2,4.85,20.01,0,0,9.81,0,2.5,2.32,2.13,1.59,0,1.37,0,0.89,0.61,0,0,0,0,0,0,0,10053.91,21497.83,16436.77,161.3,36.1,14.93,599.39,151.94,163.07,59.69,157.4,121.46,218.22,273.59,25.35,70.9,33.74,23.17,24.42,13.27,13.5,5.06,2.43,5.07,4.27,2.86,1.63,1.11
8429829,25.2,12.5,2.8,19.5,11.1,23.5,8.5,orange,12.12,0,0,21.51,32.19,7.56,5.97,220.55,7630.82,0,17.17,5.79,5.62,2.47,12.03,64.2,0,3.11,11.63,1.9,0,0,0,0,1.52,0,26.57,357.65,65.36,0,0,28.01,0,0,0,0,0,34.64,31.2,77.21,0,0,44.63,8.08,10.77,34.96,8.16,1.66,0,5.46,4.27,0,4.39,0,0,0,0,0,0,0,10067.71,22648.51,15378.47,181.9,18.88,8.19,580.56,154.85,80.67,60.69,223.63,248.12,182.53,188.14,11.95,97.98,28.16,29.26,25.05,6.53,19.73,6.99,2.12,1.73,4.38,4.37,0.54,0.65
5455614,22.5,16.7,2.9,18,10.5,20.2,10.3,orange,12.99,0,0,14.41,17.86,6.66,4.18,176.93,6255.46,0,15.04,4.64,0.51,2.03,9.84,51.84,0,2.27,13.38,1.55,0,0,0,0,0.92,0,27.96,331.35,44.41,0,0,18.35,0,0,0,0,0,27.59,26.25,45.73,0,0,36.83,7.2,8.69,27.28,6.44,1.23,0,3.73,3.17,0,3.45,0,0,0,0,0,0,0,11095.54,24320.18,14584.39,180.25,23.04,8.5,555.02,171.67,103.39,80.64,265.32,248.48,193.74,215.85,15.82,107.96,28.72,27.98,25.87,9.52,31.39,17.55,2.68,3.54,3.48,5.81,0.83,0.96
3298943,17.9,9.6,2.6,23.2,11.6,18.5,9.8,orange,11.03,0,0,115.41,68.54,27.84,35.38,745.58,106430.9,0,0,45.25,64.93,11.83,210.1,452.32,0,7.81,118.22,0,0,0,0,0,83.43,321.03,810.87,1662.94,107.94,0,0,38.73,50.17,0,0,0,0,463.71,211.44,779.08,0,0,597.91,499.25,44.29,321.68,21.98,0,0,16.48,89.32,0,49.42,0,0,0,0,0,0,0,8509.12,17513.84,13149.13,151.36,17.51,6.11,527.12,135.81,109.99,71.28,197.63,294.21,161.01,169.29,10.5,87.83,26.26,30.62,27.92,6.19,36.35,14.1,2.03,2.22,4.8,4.97,0.53,0.66
7510250,22.2,16.5,3.4,19.1,10.5,25.8,10.1,orange,11.52,0,0,22.09,51.78,6.02,4.54,28.84,8096.88,0,28.12,2.24,1.52,3.48,7.18,65.59,0,2.89,14.62,2.01,2.66,0,0,0,5.68,7.27,64.55,288.47,57.92,0,0,24.7,0,0,0,0,0,51.05,49.03,60.02,0,0,69.59,11.06,20.72,3.81,8.89,1.94,0,4.59,4.35,0,6.4,0,0,0,0,0,0,0,10783.16,25311.16,18833.74,180.46,16.21,13.3,523.03,154.26,111.35,110.86,507.58,332.9,229.85,182.45,17.73,74.41,30.35,28.76,21.12,8.36,20.86,8.12,2.28,2.91,5.37,5.22,0.84,0.69
6698996,20.9,14.5,3.2,20.5,10.3,26.2,6.8,orange,11.98,0,0,7.69,50.11,6.28,1.88,94.06,4596.88,0,23.24,2.1,0.61,1.91,3.21,25.16,0,2.12,11.66,1.81,1.27,0,0,0,1.82,3.64,30.09,140.28,26.45,0,0,8.49,0,0,0,0,0,23.17,25.18,32.06,0,0,30.15,3.45,10.02,16.15,5.05,1.22,0,2.88,2.17,0,2.62,0,0,0,0,0,0,0,10691.42,23871.92,21304.27,188.86,14.53,14.01,539.17,154.45,112.9,126.08,484.86,371.11,214.54,206.52,21.65,65.11,36.46,31.98,23.97,9.02,19.53,7.86,2.78,3,4.78,4.12,0.82,0.71
2119442,19.4,23.7,3.5,19.5,10.8,24.1,10.7,orange,11.22,0,0,16.88,58.02,5.53,3.63,179.43,7200.15,0,32.32,2.47,0.82,2.77,8.04,47.56,0,2.49,13.48,2.8,1.71,0,0,0,2.66,4.74,40.54,106.35,55.68,0,0,20.14,0,0,0,0,0,31.73,27.6,92.37,0,0,37.46,5.33,12.56,21.61,7.08,1.78,0,4.12,2.42,0,2.63,0,0,0,0,0,0,0,11232.89,27836.22,19537.91,183.53,16.63,10.44,491.55,168.35,103.72,98.2,482.42,314.88,234.96,179.91,16.71,67.15,28.33,28.98,19.22,7.7,22.25,7.25,2.33,2.72,5.46,4.14,0.77,0.7
5971144,23.7,18.9,3.6,19.9,11.5,23.4,9.6,orange,12.18,0,0,18.1,34.14,7.73,4.08,192.64,7958.45,0,16.03,0,1.81,2.91,12.05,84.33,0,2.74,17.01,2.35,1.83,0,0,0,3.26,6.41,67.36,266.8,61.5,0,0,21.06,0,0,0,0,0,42.72,35,50.89,0,0,54.47,5.8,14.09,49.26,8.65,2.3,0,4.79,2.59,0,5.31,0,0,0,0,0,0,0,11102.79,25032.41,15979.11,182.53,30.2,7.45,559.59,175.22,112.91,110.85,492.48,307.35,253.7,258.28,20.76,88.8,36.71,28.3,30.78,10.39,22.78,11.14,2.78,4,4.33,5.39,1.02,1.04
4800001,23,16.5,7.9,18.9,8.5,22.8,10.1,orange,10.9,0,0,97.89,117.78,2.77,12.85,335.52,45367.48,0,0,16.44,23.92,7.99,8.73,425.43,0,3.78,104.56,2.17,2.71,0,0,0,24.94,103.67,670.27,806.1,130.3,0,0,42.14,32.69,0,0,0,0,185.03,116.86,229.29,0,0,266.06,130.95,42.77,189.91,19.37,8.45,0,16.93,11.71,0,22.56,0,0,0,0,0,0,0,11102.07,25716.87,20982.38,189.36,26.59,14.66,563.26,159.25,138.61,95.18,582.62,403.62,268.42,339.46,24.93,86.97,45.44,36.34,26.66,10.22,15.28,6.98,3.14,2.88,5.5,6.08,1.06,0.88
2583692,21,13.8,3.3,16.4,10.5,22.6,9.5,orange,10.89,0,0,9.23,29.72,5.72,2.86,86.76,3956.38,0,11.69,0,1.14,0.19,5.47,14.86,0,4.14,8.45,1.62,1.55,0,0,0,0,1.38,14.6,171.64,46.91,0,0,14.88,0,0,0,0,0,13.54,19.37,20.66,0,0,18.6,2.62,9.61,22.52,7.3,1.63,0,4.78,1.13,0,3.64,0,0,0,0,0,0,0,8390.86,18441.32,14283.73,144.57,18.45,6.12,390.16,131.09,68.25,90.91,424.4,356.42,217.44,301.04,18.57,80.23,38.96,33.71,29.97,8.96,23.46,10.02,2.7,3.44,5.22,4.46,0.79,1.07
7101413,36.1,19.9,6.5,29.4,15.4,32.8,11.9,sweet,15.16,0,0,22.25,0,1.31,0.35,79.75,3368.7,0,0,159.29,0,27.52,9.16,69.14,0,0,6.41,0,1.9,1.46,0,0,2.52,3.94,43.1,190.77,24.11,1.99,0,36.82,0,2.32,0.85,3.22,0,4.23,45.24,5.69,0,0,0,3.63,13.44,17.19,0,0,2.94,0,0,0,0,0,0,0,20.12,0,0,0,24540.46,51742.74,26526.43,397.19,22.61,8.5,1332.32,284.68,203.86,0,774.63,245.52,383.29,90.25,17.8,120.91,44.3,30.17,23.44,11.85,35.16,12.95,2.72,3.23,1.66,6.16,1.23,1.13
9645695,35.8,21.9,6.3,29.2,14.5,29.7,11.7,sweet,14.37,0,0,75.87,0,1.11,16.3,341.13,13028.98,0,0,745.11,0,5.32,54.71,168.57,0,0,10.73,0,3.21,6.85,0,0,1.46,13.58,179.9,363.4,62.23,10.64,0,82.19,0,10.87,6.39,10.13,0,16.62,111.22,18.77,0,0,0,19.77,23.71,61.38,0,0,8.91,0,0,0,0,0,0,0,27.9,0,0,0,20307.06,49335.15,29684.95,392.07,16.28,14.74,1195.58,277.36,222.82,0,745.22,245.73,354.07,80.04,20.09,96.49,37.09,28.44,20.21,10.27,21.92,8.7,2.48,2.29,1.59,5,1.11,0.99
1943931,35.4,20.2,4.7,30.6,14.2,32.8,13.2,sweet,15.77,0,0,243.74,0,1.14,35.21,57.52,35567.35,0,0,2010.83,0,109.45,157.58,291.08,0,0,28.7,0,7.85,49.66,0,0,5.84,96.27,577.28,810.18,71.61,86.08,0,155.69,0,82.36,41.19,49.14,0,52.65,262.59,47.66,0,0,0,143.41,53.05,172.93,0,0,22.23,0,0,0,0,0,0,0,85.94,0,0,0,21773.05,49968,31923.38,410.41,23.2,16.17,1337.87,299.28,238.82,0,720.04,281.09,396.85,88.82,20.58,109.92,39.06,35.41,21.91,11.66,22.99,10.14,2.52,2.86,1.66,6.99,1.23,1.13
4819796,34.9,17.2,4.9,29.9,13.4,29.8,11.8,sweet,14.95,0,0,51.09,7.91,16.23,6.47,408.6,14520.28,0,0,10.41,4.92,5.42,20.31,54.2,0,5.64,11.2,0,1.7,27.45,0,0,0,27.28,65.3,317.06,59.22,0,27.99,3.64,0,38.07,0,35.68,0,0,74.91,87.2,0,0,0,51.38,23.79,51.8,5.86,0,0,0,3.93,0,0,0,0,0,5.5,0,0,0,19643.49,47687.7,24403.11,338.1,9.17,16.27,1167.41,256.06,69.49,44.63,1191.51,485.07,600.43,498.44,60.45,130.27,82.01,45.65,53.06,10.75,21.23,11.54,3.88,4.31,2.57,6.93,1.56,0.7
6459416,30.8,16.7,3.3,26.3,14.1,28.8,11.2,sweet,15.54,0,0,122.37,0,12.77,12.43,950.71,22920.28,0,0,20.42,9.95,6.07,31.3,30.48,0,5.7,11.91,0,1.91,31.4,0,0,0,40.65,76.85,389.69,94.44,0,40.44,36.13,0,49.38,0,42.88,0,0,82.16,107.24,0,0,0,61.14,27.67,60.24,7.38,0,0,0,6.12,0,0,0,0,0,4.09,0,0,0,18919.29,45737.43,23866.38,334.56,14.31,14.56,1129.17,220,86.62,0,814.62,387.65,633.04,444.17,45.24,105.46,61.5,34.86,41.76,6.52,12.64,9.33,2.31,3.36,1.61,5.86,0.94,0.37
7909824,31.2,20.7,6.4,26.6,13.8,30.5,15.5,sweet,15,0,0,324.49,0,0,12.66,597.71,61495.39,0,0,47.4,37.41,10.75,64.05,160.54,0,4.69,54.93,0,3.07,482.66,0,0,0,317.17,342.68,772.63,116.17,0,424.25,82.27,0,476.54,0,288.25,0,0,505.77,677.76,0,0,0,758.8,57.88,261.97,20.02,0,0,0,23.86,0,0,0,0,0,7.39,0,0,0,19605.15,44657.01,18353.84,347.66,11.47,8.17,1060.11,235.69,108.81,37.27,951.92,416.61,610.15,508.47,63.51,132.01,78.75,41,60.62,8.85,26.29,13.01,3.37,3.93,1.75,6.4,1.33,0.59
2978631,13.6,12.2,5.4,15.7,9.1,14,8.1,sweet,12.5,0,1.99,1.82,16.71,2.49,0.62,14,953,0,3.31,0,0,1.86,1.23,0,0,0,0,0.38,1,0,0,0.84,0,0,1.22,28.98,9.64,0,1.02,1.52,0,0,0,0,0,0,0.2,23.64,0,0,0,0,3.82,0.98,1.17,1.3,0,0,0.27,0,0,0,0,0,0,0,0,0,10802.66,23978.19,10757.05,183.21,30.49,5.66,648.09,183.46,131.69,39.12,389.12,217.08,276.03,451.24,11.94,65.69,27.68,22.8,19.43,3.85,20.8,7.53,2.66,2.82,2.05,2.71,0.57,0.27
5498277,15.5,10.6,5.6,15.5,11.6,15.8,7.2,sweet,10.88,0,1.86,2.25,25.2,2.35,0.94,35.43,1595.81,0,5.79,0,0.78,2.34,3.32,0,0,0,1.58,0.76,1.46,0,0,0.87,0,0,1.22,81.93,10.12,0,2.42,3.88,0,0,0,0,0,0,5.05,57.63,0,0,0,0,2.73,1.43,4.29,1.33,0,0,0.46,0,0,0,0,0,0,0,0,0,11442.67,30643.79,7271.24,178.27,27.87,3.76,614.65,196.52,154.68,42.22,486.87,214.41,330.27,530.59,19.19,76.77,34.76,24.21,17.88,3.8,21.17,11,5.2,3.1,2.34,4.13,0.85,0.31
7360343,13.4,13.9,7.2,14.6,9.6,15.7,8,sweet,11.39,0,1.73,2,20.76,0.96,0.79,38.66,1810.76,0,5.36,0,1,2.02,3.46,0,0,0,1.36,0.83,1.21,0,0,2.51,0,0,1.32,71.54,27.16,0,1.51,5.02,0,0,0,0,0,0,4.14,39.92,0,0,0,0,2.54,1.97,2.66,1.68,0,0,0.67,0,0,0,0,0,0,0,0,0,10605.88,27700.15,13075.04,179.71,35.79,9.36,659.79,166.13,148.96,29.86,462.15,261.24,299.85,399.93,18.89,64.21,30.59,23.36,14.92,4.54,14.33,4.82,2.25,2.45,2.48,3.69,0.69,0.25
1952214,10.3,18.7,7.4,10.1,8.2,18.2,7.6,sweet,8.75,1.56,0,5.29,0,0,0.6,31.23,106.92,0,0,0,2.46,0.72,1.97,0,0,0,0,0,0,0,0,0,0,0,0,27.47,0,0,0.36,4.15,0,0,0,0,0,0,1.4,14.13,0,0,0,0,3.85,0.84,0,0,0,0,0,0,0,0,0,0,0,0,0,0,7076.37,16004.65,12768.67,132.64,7.5,8.07,343.3,133.12,105.21,55.65,593.76,506.07,340.85,675.72,35.32,64.01,47.38,43.82,20.57,11.3,21.9,6.31,3.4,3.34,4.02,6.27,1.33,0.99
4839926,16.2,16.5,7.1,13.9,9.9,17,6.5,sweet,10.58,1.95,0,5.57,0,0,0.6,34.92,1516.83,0,0,0,1.68,0.96,2.06,0,0,0,0,0,0,0,0,0,0,0,0,14.81,0,0,0.4,4.04,0,0,0,0,0,0,1.51,20.51,0,0,0,0,3.37,0.83,0,0,0,0,0,0,0,0,0,0,0,0,0,0,9209.85,19452.84,15660.17,169.14,13.77,10.42,383.69,148.96,133.76,51.41,533.64,501.92,346.27,630.61,33.52,59.14,43.91,48.08,15.39,10.71,24.44,7.35,4.13,3.39,3.12,5.06,1.33,0.87
9802222,14.6,17.1,5.6,15.5,8.6,17.4,7.4,sweet,9.89,4.45,0,10.67,0,0,1.52,66.7,2997.05,0,0,0,7.43,1.26,5.52,0,0,0,0,0,0,0,0,0,0,0,0,48.41,0,0,1.65,5.36,0,0,0,0,0,0,2.42,48.74,0,0,0,0,13.18,3.38,0,0,0,0,0,0,0,0,0,0,0,0,0,0,7391.53,16817.17,10186.05,132.15,6.36,4.41,314.98,123.57,104.3,50.81,540.46,365.31,308.8,648.36,32.06,71.5,43.89,36.39,23.09,12.45,36.73,11.63,5.05,4.37,4.2,4.79,1.51,1.34
2868965,23.4,18,7.3,23.2,12.6,27.6,10.4,sweet,13.18,0,1.12,39.71,7.3,13.61,7.9,214.4,7423.96,0,0,346.14,0,57.19,25.02,23.39,0,0,8.94,1.1,3.09,2.26,0,0,0.66,10.1,31.94,247.61,41.22,0,8.44,44.93,0,0,0,0,0,6.68,38.27,74.58,0,10.82,0,20.08,19.57,20.46,6.4,3.67,0,0,0,0,0,0,0,0,9.98,0,0,1.8,14299.75,31871.22,18126.91,237.68,122.29,13.34,606.85,189.51,126.22,70.1,513.14,267.1,341.97,373.73,27.08,59.16,30.4,27.65,17.33,7.79,13.17,4.41,2.63,2.86,1.41,2.11,0.98,0.37
6545276,22.5,20.2,10.7,21.8,11.4,26,8.9,sweet,12.39,0,4.12,84.79,33.22,21.29,19.62,290.2,15273.13,0,0,782.54,0,96.69,68.38,49.23,0,0,30.71,1.78,8.34,7.62,0,0,0.77,38.78,112.17,548.95,60.93,0,33.46,94.38,0,0,0,0,0,16.88,75.04,127.36,0,17.74,0,68.44,43.87,44.3,20.48,8.06,0,0,0,0,0,0,0,0,43.19,0,0,1.14,16157.09,33600.73,15132.93,264.62,123.18,8.94,643.94,218.12,176.98,64.33,477.34,213.2,359.29,406.41,24.95,66.17,34.63,26.55,19.77,10.49,29.27,9.94,2.78,4.01,2.02,3.58,1.32,0.51
7567710,22.9,20.3,8.1,24.5,11.6,28.6,10.2,sweet,11.24,0,4.39,75.67,19.38,20.36,17.97,312,12573.44,0,0,696.39,0,81.82,57.26,53.77,0,0,22.14,2.5,7.01,6.37,0,0,1.49,29.59,93.44,413.71,52.87,0,20.4,57.13,0,0,0,0,0,14.86,65.11,135.35,0,14.37,0,49.92,32.46,37.51,16.29,7.43,0,0,0,0,0,0,0,0,34.19,0,0,0.83,15145.9,33436.09,19103.84,251.7,120.89,17.61,641.29,199.57,166.38,66.74,529.26,242.41,375.79,408.04,27.17,66.85,34.52,28.67,17.98,11.01,22.16,6.75,2.86,4.46,2.21,3.21,1.43,0.48
8591130,23,15.3,8.8,21.2,11.7,19.9,14.8,mandarin,14.3,0,0,1561.04,0,3.56,147.15,634.21,184373.62,0,0,191.75,1646.61,36.18,275.26,663.96,0,0,188.58,0,0,0,233.61,0,64,332.25,1015.53,1681.52,151.01,0,0,7.65,78.22,10.89,21.37,136.26,0,88.77,388.24,0,374.13,632.31,0,706.84,0,483.64,73.77,40.68,64.86,14.69,23.37,27.38,76.06,13,105.3,28.49,0,0,0,0,13279.31,28137.54,20314.11,222.31,11.19,15.15,1119.9,165.79,137.63,67.3,413.55,279.09,377.23,609.72,69.92,123.34,65.58,45.84,38.88,12.85,28.16,28.16,3.52,7.11,4.24,9.01,1.46,1.35
6318096,20,19.5,7.8,21.5,15.5,23.5,15.2,mandarin,13.85,0,0,1690.76,0,5.73,191.78,512.92,191479.49,0,0,190.87,1824.24,36.05,242.84,490.62,0,0,175.44,0,0,0,244.99,0,64.42,372.88,1090.22,1751.42,368.15,0,0,93.12,75.28,8.22,20.72,135.62,0,95.28,422.38,0,307.25,693.86,0,623.7,0,488.48,80.24,49.27,90.49,15.5,17.31,33.9,83.94,12.42,112.84,29.43,0,0,0,0,13479.02,28618.04,22600.08,220.74,13.04,14.75,1167.08,184.68,137.04,71.9,368.66,246.09,365.52,544.96,61.99,113.73,59.84,39.44,36.94,11.49,27.17,28.21,3.55,6.19,3.72,7.61,1.18,1.13
7700257,25.4,15.5,8.9,23,14.5,23.2,16.2,mandarin,14.38,0,0,1909.9,0,3.77,233.7,576.33,181983.62,0,0,154.46,151.29,23.58,274.86,527.48,0,0,135.88,0,0,0,205.75,0,57.5,331.02,865.83,1509.56,129.12,0,0,72.06,59.28,6.71,14.58,122.71,0,54,382.38,0,248.86,238.67,0,532.78,0,401.59,62.58,26.37,49.29,14.23,23.12,15.05,75.15,9.72,86.41,35.46,0,0,0,0,15643.76,35223.2,25183.47,252.27,12.57,18.67,1245.67,211.11,197.92,60.23,333.22,242.91,398.45,453.85,56.04,114.82,58.03,39.16,30.29,10.63,24.9,26.4,3.74,4.64,3.33,5.83,1.12,1.03
3466387,14,17.9,15.5,15.8,13.1,21.4,11.9,mandarin,13.14,0,0,532.93,0,5.72,28.11,680.19,86651.92,0,0,42.05,82.92,30.4,107.5,170.46,0,0,109.04,0,0,0,175.94,0,23.33,284.73,630.7,731.74,45.19,0,0,51.58,43.01,0,10.78,61.7,220.23,0,173.32,0,249.37,0,77.35,621.91,55.96,200,30.19,0,0,0,24.56,4.35,32.96,4.93,25.49,18.59,0,55.95,24.72,0,9422.39,19414.3,12582.54,168.42,17.7,7.84,587.71,173.26,201.15,89.3,81.85,138.03,213.65,213.86,43.71,70.68,36.92,37.09,24.65,13.35,41.62,21.18,4.89,7.8,5.96,5.18,1.76,1.14
5867534,15.1,20.7,17.5,11.4,13.3,19,12.8,mandarin,13,0,0,629.76,0,1.31,23.83,697.04,74573.56,0,0,41.17,60.4,22.4,101.65,181.61,0,0,127.25,0,0,0,194.79,0,12.74,299.76,668.32,594.21,58.51,0,0,45.95,53.34,0,14.71,75.74,248.37,0,203.81,0,275.62,0,74.61,670.8,56.24,204.23,32.46,0,0,0,30.41,4.98,29.23,3.58,24.91,18.55,0,65.42,26.64,0,9999.04,23474.91,17388.08,180.38,16.02,17.95,618.76,198.98,253.76,84.43,98.76,184.08,218.51,259.62,51.66,60.7,44.43,51.2,30.29,17.88,47.3,18.17,6.05,8.85,8.9,9.27,2.51,1.08
6097003,15.4,18.2,13.5,18.9,11,19.6,11.8,mandarin,12.21,0,0,254.61,0,4.11,21.7,577.16,49764.47,0,0,25.26,46.07,22.43,77,77,0,0,77.98,0,0,0,238.65,0,18.9,462.55,518.49,567.49,39.07,0,0,64.48,42.28,0,8.82,91.67,257.62,0,147.94,0,249.87,0,48.47,695.87,39.83,129.91,17.46,0,0,0,25.47,3.66,15.75,2.41,12.78,6.28,0,21.91,11.1,0,11009.64,22899.14,18157.78,198.16,18.73,18.39,681.22,190.78,246.12,96.77,119.36,192.58,246.66,278.9,66.92,79.79,48.32,51.26,32.43,16.54,41.36,16.9,5.22,8.51,8.57,8.36,2.11,1.08
4460596,23.6,23.4,6.4,20.2,10.5,22.5,8.9,mandarin,10.8,2.62,0,48.99,0,1.14,9.87,233.64,8396.48,0,0,539.83,10.51,7.02,45.7,78.33,0,0,8.16,0,9.91,0,0,0,0,8.76,54.32,413.31,3.01,0,0,39.54,0,0,0,0,0,0,63.68,5.96,0,0,0,11.97,14.51,22.09,0,0,2.14,0,0,0,0,0,0,0,51.28,0,0,0,12904.3,33142.95,22021.91,221.79,20.08,8.53,461.17,178.76,96.94,46.35,175.52,159.86,214.66,116.67,9.77,51.77,16.82,16.91,15.68,5.32,8.06,3.61,2.01,1.69,1.56,1.39,0.67,0.34
5399458,20,26.2,9,19.6,11.8,22.6,8.5,mandarin,10.58,1.31,0,8.06,0,1.73,0.73,21.95,1140.37,0,0,52.57,0,10.29,3.97,4.02,0,0,1.17,0,1.15,0,0,0,0,0,2.39,76.71,7.59,0,0,7.45,0,0,0,0,0,0,8.32,2.94,0,0,0,0,1.54,2.44,0,0,0.49,0,0,0,0,0,0,0,6.62,0,0,0,14226.19,33502.4,21649.92,243.61,18.75,10.2,499.06,221.04,89.53,63.72,207.25,156.3,231.61,179.98,17.26,63.07,22.65,18.28,19.99,5.92,11.79,6.83,2.32,1.85,1.55,2.29,0.77,0.37
5635946,21.9,22.3,7.1,18.9,11.2,23,8.7,mandarin,9.92,1.66,0,71.69,0,3.19,15.06,253.6,10126.16,0,0,661.82,5.53,68.95,64.39,71.63,0,0,6.89,0,12.68,0,0,0,0,9.04,70.54,375.77,34.03,0,0,37.9,0,0,0,0,0,0,65.48,4.31,0,0,0,13.83,16.84,28.71,0,0,2.98,0,0,0,0,0,0,0,80.95,0,0,0,12428.47,27662.11,15670.09,214.32,18.26,3.07,456.33,173.85,77.13,50.8,111.98,99.52,189.02,60.86,6.4,55.59,14.89,10.45,12.8,3.72,7.46,3.3,1.94,1,1.03,1.45,0.48,0.32
6938131,26.6,18.7,6.3,23.2,10.1,23,9.6,mandarin,12.5,0,0,15.75,0,0.31,4.7,57.44,2067.42,0,0,149.08,0,23.55,12.73,20.49,0,0,2.02,0,2.1,0,0,0,0,0.82,21.05,133.59,13.39,0,0,22.57,0,1.27,0,0,0,1.57,21.93,3.98,0,0.72,0,1.8,8.28,6.54,0,1.32,1.01,0,0,0,0,0,1.06,0,8.69,0,0,0,9288.92,22738.67,18780.75,162.09,14.55,9.6,372.65,152.24,114.44,24.3,307.44,222.61,350.65,343.19,17.46,65.82,24.82,21.38,28.62,8.95,6.06,1.96,3.21,3.41,1.56,2.35,1.16,0.83
5446027,25.8,19.6,7,22.7,9.5,24.7,9.4,mandarin,12.94,0,0,15.07,0,1.21,4.03,59.23,1939.36,0,0,148.25,0,17.2,11.35,12.69,0,0,1.56,0,1.42,0,0,0,0,0.21,12.93,112.43,12.21,0,0,24.87,0,0.97,0,0,0,0.97,18.76,7.41,0,0.56,0,0.99,6.8,5.75,0,0.88,1.43,0,0,0,0,0,0.71,0,4.51,0,0,0,12716.24,26483.69,17730.37,193.47,17.46,6.66,393.13,183.14,89.57,41.1,348.99,265.77,432.49,380.32,16.94,101,34.97,24.89,38.55,11.05,11.33,3.45,4.03,3.62,1.3,2.78,1.19,1.03
3218464,27.4,17.9,6.1,23.9,8.9,25.6,8.8,mandarin,13,0,0,46.39,0,1.97,11.45,211.17,6167.93,0,0,442.8,0,43.54,40.64,33.36,0,0,2.18,0,2.94,0,0,0,0,2.68,52.11,191.88,18.34,0,0,43.03,0,2.72,0,0,0,2.59,42.55,18.25,0,1.86,0,4.93,16.16,16.22,0,2.02,2.02,0,0,0,0,0,2.61,0,9.81,0,0,0,16839.36,35851.01,24734.36,205.88,22.03,17.59,554.48,260.11,197.74,48.5,599.55,300.25,576.58,456.71,25.64,120.68,38.9,30.01,39.9,15.77,12.08,5.34,4.62,3.85,2.16,6.02,1.78,1.24
